codigo_dane,municipio,subregion,periodo,ano_inicio,ano_fin,n_anos,bosque_estable_ha,no_bosque_ha,regeneracion_ha,sin_informacion_ha,deforestacion_ha,area_con_informacion_ha,pct_cobertura_bosque,bosque_estable_previo_ha,periodo_bosque_previo,tasa_perdida_relativa,cambio_neto_ha,fuente,calidad_fuente,estimado
05004,Abriaquí,Nutibara,2000-2002,2000,2002,2,13423.94,16259.23,,,9.05,29692.22,45.21,,,,9.05,excel,excel_tabla,False
05004,Abriaquí,Nutibara,2002-2004,2002,2004,2,13395.8,16258.2,,,8.99,29663.0,45.16,13423.94,2000-2002,0.0335,8.99,shapefile,shapefile_geometria,False
05004,Abriaquí,Nutibara,2004-2006,2004,2006,2,13395.04,16267.96,,,,29663.0,45.16,13395.8,2002-2004,,0.0,shapefile,shapefile_geometria,False
05004,Abriaquí,Nutibara,2006-2008,2006,2008,2,13394.75,16266.78,,,1.47,29663.0,45.16,13395.04,2004-2006,0.0055,1.47,shapefile,shapefile_geometria,False
05004,Abriaquí,Nutibara,2008-2010,2008,2010,2,13429.01,16225.36,,5.67,2.95,29657.32,45.28,13394.75,2006-2008,0.011,2.95,shapefile,shapefile_geometria,False
05004,Abriaquí,Nutibara,2010-2012,2010,2012,2,,,,,74.44,,,13429.01,2008-2010,0.2772,74.44,estimado-calibrado-rat,solo_defo_estimada,True
05004,Abriaquí,Nutibara,2012-2013,2012,2013,1,13505.37,16085.67,,5.95,87.29,29678.32,45.51,13429.01,2008-2010,0.65,87.29,raster,raster_zonal,False
05004,Abriaquí,Nutibara,2013-2014,2013,2014,1,13485.89,16189.26,,,15.25,29690.4,45.42,13505.37,2012-2013,0.1129,15.25,shapefile,shapefile_geometria,False
05004,Abriaquí,Nutibara,2014-2015,2014,2015,1,13453.08,16184.0,,,17.09,29654.16,45.37,13485.89,2013-2014,0.1267,17.09,excel,excel_tabla,False
05004,Abriaquí,Nutibara,2015-2016,2015,2016,1,,,,,25.09,,,13453.08,2014-2015,0.1865,25.09,cuencas-calibrado,solo_defo_estimada,True
05004,Abriaquí,Nutibara,2016-2017,2016,2017,1,13665.0,15962.38,,,35.66,29663.04,46.07,13453.08,2014-2015,0.2651,35.66,shapefile,shapefile_geometria,False
05004,Abriaquí,Nutibara,2017-2018,2017,2018,1,13654.53,16002.85,,1.32,4.28,29661.66,46.03,13665.0,2016-2017,0.0313,4.28,shapefile,shapefile_geometria,False
05004,Abriaquí,Nutibara,2018-2019,2018,2019,1,,,,,2.7,,,13654.53,2017-2018,0.0198,2.7,estimado,solo_defo_estimada,True
05004,Abriaquí,Nutibara,2019-2020,2019,2020,1,13617.96,16043.91,,,1.12,29662.99,45.91,13654.53,2017-2018,0.0082,1.12,shapefile,shapefile_geometria,False
05004,Abriaquí,Nutibara,2020-2021,2020,2021,1,13617.95,16045.04,,,,29662.99,45.91,13617.96,2019-2020,,0.0,shapefile,shapefile_geometria,False
05004,Abriaquí,Nutibara,2021-2022,2021,2022,1,13601.07,16056.07,,,5.77,29662.91,45.85,13617.95,2020-2021,0.0423,5.77,shapefile,shapefile_geometria,False
05004,Abriaquí,Nutibara,2022-2023,2022,2023,1,13573.16,16081.81,,,8.22,29663.19,45.76,13601.07,2021-2022,0.0604,8.22,shapefile,shapefile_geometria,False
05004,Abriaquí,Nutibara,2023-2024,2023,2024,1,,,,,12.14,,,13573.16,2022-2023,0.0894,12.14,estimado,solo_defo_estimada,True
05045,Apartadó,Centro,2000-2002,2000,2002,2,17703.41,35423.51,,252.81,16.41,53143.34,33.31,,,,16.41,excel,excel_tabla,False
05045,Apartadó,Centro,2002-2004,2002,2004,2,17674.26,35282.73,,284.07,40.27,52997.26,33.35,17703.41,2000-2002,0.1137,40.27,shapefile,shapefile_geometria,False
05045,Apartadó,Centro,2004-2006,2004,2006,2,17662.97,35376.58,,179.33,62.23,53101.78,33.26,17674.26,2002-2004,0.176,62.23,shapefile,shapefile_geometria,False
05045,Apartadó,Centro,2006-2008,2006,2008,2,17510.36,35442.98,,128.05,199.72,53153.05,32.94,17662.97,2004-2006,0.5654,199.72,shapefile,shapefile_geometria,False
05045,Apartadó,Centro,2008-2010,2008,2010,2,17452.83,35406.96,,318.51,102.76,52962.56,32.95,17510.36,2006-2008,0.2934,102.76,shapefile,shapefile_geometria,False
05045,Apartadó,Centro,2010-2012,2010,2012,2,,,,,88.39,,,17452.83,2008-2010,0.2532,88.39,estimado-calibrado-rat,solo_defo_estimada,True
05045,Apartadó,Centro,2012-2013,2012,2013,1,18613.45,34595.66,,54.01,54.01,53263.12,34.95,17452.83,2008-2010,0.3095,54.01,raster,raster_zonal,False
05045,Apartadó,Centro,2013-2014,2013,2014,1,16768.01,34764.97,,1432.31,410.94,51943.92,32.28,18613.45,2012-2013,2.2078,410.94,shapefile,shapefile_geometria,False
05045,Apartadó,Centro,2014-2015,2014,2015,1,17953.49,34905.96,,361.69,54.57,52914.02,33.93,16768.01,2013-2014,0.3255,54.57,excel,excel_tabla,False
05045,Apartadó,Centro,2015-2016,2015,2016,1,,,,,367.41,,,17953.49,2014-2015,2.0465,367.41,cuencas-calibrado,solo_defo_estimada,True
05045,Apartadó,Centro,2016-2017,2016,2017,1,17473.42,35185.86,12.92,366.05,241.81,52914.02,33.02,17953.49,2014-2015,1.3469,228.89,shapefile,shapefile_geometria,False
05045,Apartadó,Centro,2017-2018,2017,2018,1,15722.06,37331.57,1.63,69.74,154.92,53210.19,29.55,17473.42,2016-2017,0.8866,153.28,shapefile,shapefile_geometria,False
05045,Apartadó,Centro,2018-2019,2018,2019,1,,,,,97.73,,,15722.06,2017-2018,0.6216,97.73,estimado,solo_defo_estimada,True
05045,Apartadó,Centro,2019-2020,2019,2020,1,15600.86,37638.29,,0.91,40.54,53279.69,29.28,15722.06,2017-2018,0.2579,40.54,shapefile,shapefile_geometria,False
05045,Apartadó,Centro,2020-2021,2020,2021,1,15554.68,37677.1,,14.02,34.8,53266.59,29.2,15600.86,2019-2020,0.2231,34.8,shapefile,shapefile_geometria,False
05045,Apartadó,Centro,2021-2022,2021,2022,1,15379.16,37740.52,,39.64,121.26,53240.95,28.89,15554.68,2020-2021,0.7796,121.26,shapefile,shapefile_geometria,False
05045,Apartadó,Centro,2022-2023,2022,2023,1,15029.81,38204.77,,,45.93,53280.51,28.21,15379.16,2021-2022,0.2986,45.93,shapefile,shapefile_geometria,False
05045,Apartadó,Centro,2023-2024,2023,2024,1,,,,,78.45,,,15029.81,2022-2023,0.522,78.45,estimado,solo_defo_estimada,True
05051,Arboletes,Caribe,2000-2002,2000,2002,2,1237.91,72954.65,,0.75,2.68,74195.24,1.67,,,,2.68,excel,excel_tabla,False
05051,Arboletes,Caribe,2002-2004,2002,2004,2,1227.54,72830.89,,,6.56,74064.99,1.66,1237.91,2000-2002,0.2649,6.56,shapefile,shapefile_geometria,False
05051,Arboletes,Caribe,2004-2006,2004,2006,2,1067.58,72821.66,19.05,,156.71,74064.99,1.44,1227.54,2002-2004,6.3829,137.66,shapefile,shapefile_geometria,False
05051,Arboletes,Caribe,2006-2008,2006,2008,2,984.1,72998.35,,,82.77,74065.22,1.33,1067.58,2004-2006,3.8763,82.77,shapefile,shapefile_geometria,False
05051,Arboletes,Caribe,2008-2010,2008,2010,2,955.42,73086.2,,,23.54,74065.15,1.29,984.1,2006-2008,1.1959,23.54,shapefile,shapefile_geometria,False
05051,Arboletes,Caribe,2010-2012,2010,2012,2,,,,,31.85,,,955.42,2008-2010,1.6668,31.85,estimado-calibrado-rat,solo_defo_estimada,True
05051,Arboletes,Caribe,2012-2013,2012,2013,1,783.81,73299.74,,10.6,26.21,74109.77,1.06,955.42,2008-2010,2.7437,26.21,raster,raster_zonal,False
05051,Arboletes,Caribe,2013-2014,2013,2014,1,762.69,73405.54,,7.68,1.53,74169.77,1.03,783.81,2012-2013,0.1957,1.53,shapefile,shapefile_geometria,False
05051,Arboletes,Caribe,2014-2015,2014,2015,1,771.44,73284.49,,,,74055.93,1.04,762.69,2013-2014,,0.0,excel,excel_tabla,False
05051,Arboletes,Caribe,2015-2016,2015,2016,1,,,,,4.03,,,771.44,2014-2015,0.5224,4.03,cuencas-calibrado,solo_defo_estimada,True
05051,Arboletes,Caribe,2016-2017,2016,2017,1,675.21,73316.17,57.47,0.77,16.13,74064.98,0.91,771.44,2014-2015,2.0914,-41.33,shapefile,shapefile_geometria,False
05051,Arboletes,Caribe,2017-2018,2017,2018,1,2054.89,71854.77,5.53,149.98,,73915.18,2.78,675.21,2016-2017,,-5.53,shapefile,shapefile_geometria,False
05051,Arboletes,Caribe,2018-2019,2018,2019,1,,,,,10.53,,,2054.89,2017-2018,0.5124,10.53,estimado,solo_defo_estimada,True
05051,Arboletes,Caribe,2019-2020,2019,2020,1,1933.76,72080.13,,45.72,4.92,74018.8,2.61,2054.89,2017-2018,0.2394,4.92,shapefile,shapefile_geometria,False
05051,Arboletes,Caribe,2020-2021,2020,2021,1,1909.35,72114.76,,0.06,40.89,74064.99,2.58,1933.76,2019-2020,2.1146,40.89,shapefile,shapefile_geometria,False
05051,Arboletes,Caribe,2021-2022,2021,2022,1,1886.61,72161.95,,1.95,14.58,74063.15,2.55,1909.35,2020-2021,0.7638,14.58,shapefile,shapefile_geometria,False
05051,Arboletes,Caribe,2022-2023,2022,2023,1,1711.81,72295.33,,0.19,58.66,74065.81,2.31,1886.61,2021-2022,3.1095,58.66,shapefile,shapefile_geometria,False
05051,Arboletes,Caribe,2023-2024,2023,2024,1,,,,,55.82,,,1711.81,2022-2023,3.2609,55.82,estimado,solo_defo_estimada,True
05147,Carepa,Centro,2000-2002,2000,2002,2,6956.56,31371.94,,106.36,19.71,38348.21,18.14,,,,19.71,excel,excel_tabla,False
05147,Carepa,Centro,2002-2004,2002,2004,2,6617.23,31349.2,,127.79,269.2,38235.62,17.31,6956.56,2000-2002,1.9348,269.2,shapefile,shapefile_geometria,False
05147,Carepa,Centro,2004-2006,2004,2006,2,6539.4,31656.11,,98.75,69.28,38264.79,17.09,6617.23,2002-2004,0.5235,69.28,shapefile,shapefile_geometria,False
05147,Carepa,Centro,2006-2008,2006,2008,2,6381.94,31739.7,,118.91,122.76,38244.39,16.69,6539.4,2004-2006,0.9386,122.76,shapefile,shapefile_geometria,False
05147,Carepa,Centro,2008-2010,2008,2010,2,5970.39,31921.13,,121.0,351.2,38242.72,15.61,6381.94,2006-2008,2.7515,351.2,shapefile,shapefile_geometria,False
05147,Carepa,Centro,2010-2012,2010,2012,2,,,,,158.57,,,5970.39,2008-2010,1.328,158.57,estimado-calibrado-rat,solo_defo_estimada,True
05147,Carepa,Centro,2012-2013,2012,2013,1,5417.73,32620.51,,393.39,13.48,38051.71,14.24,5970.39,2008-2010,0.2258,13.48,raster,raster_zonal,False
05147,Carepa,Centro,2013-2014,2013,2014,1,5338.65,32977.77,,103.86,18.78,38335.2,13.93,5417.73,2012-2013,0.3466,18.78,shapefile,shapefile_geometria,False
05147,Carepa,Centro,2014-2015,2014,2015,1,5374.86,32817.05,,73.82,96.37,38288.28,14.04,5338.65,2013-2014,1.8052,96.37,excel,excel_tabla,False
05147,Carepa,Centro,2015-2016,2015,2016,1,,,,,292.14,,,5374.86,2014-2015,5.4353,292.14,cuencas-calibrado,solo_defo_estimada,True
05147,Carepa,Centro,2016-2017,2016,2017,1,4651.25,33302.88,,346.45,63.9,38018.03,12.23,5374.86,2014-2015,1.1889,63.9,shapefile,shapefile_geometria,False
05147,Carepa,Centro,2017-2018,2017,2018,1,4064.35,34007.48,,6.57,285.77,38357.61,10.6,4651.25,2016-2017,6.144,285.77,shapefile,shapefile_geometria,False
05147,Carepa,Centro,2018-2019,2018,2019,1,,,,,168.34,,,4064.35,2017-2018,4.1419,168.34,estimado,solo_defo_estimada,True
05147,Carepa,Centro,2019-2020,2019,2020,1,4006.41,34305.03,,1.92,50.91,38362.34,10.44,4064.35,2017-2018,1.2525,50.91,shapefile,shapefile_geometria,False
05147,Carepa,Centro,2020-2021,2020,2021,1,3988.77,34356.48,,1.92,17.09,38362.34,10.4,4006.41,2019-2020,0.4265,17.09,shapefile,shapefile_geometria,False
05147,Carepa,Centro,2021-2022,2021,2022,1,3954.94,34378.01,,2.35,28.71,38361.66,10.31,3988.77,2020-2021,0.7198,28.71,shapefile,shapefile_geometria,False
05147,Carepa,Centro,2022-2023,2022,2023,1,3947.91,34415.8,,,0.55,38364.26,10.29,3954.94,2021-2022,0.014,0.55,shapefile,shapefile_geometria,False
05147,Carepa,Centro,2023-2024,2023,2024,1,,,,,0.0,,,3947.91,2022-2023,0.0,0.0,estimado,solo_defo_estimada,True
05138,Cañasgordas,Nutibara,2000-2002,2000,2002,2,11950.82,24516.82,,,8.04,36475.67,32.76,,,,8.04,excel,excel_tabla,False
05138,Cañasgordas,Nutibara,2002-2004,2002,2004,2,11919.07,24513.72,,,12.38,36445.17,32.7,11950.82,2000-2002,0.0518,12.38,shapefile,shapefile_geometria,False
05138,Cañasgordas,Nutibara,2004-2006,2004,2006,2,11892.77,24530.13,,,22.27,36445.17,32.63,11919.07,2002-2004,0.0934,22.27,shapefile,shapefile_geometria,False
05138,Cañasgordas,Nutibara,2006-2008,2006,2008,2,11869.18,24554.38,,,21.57,36445.13,32.57,11892.77,2004-2006,0.0907,21.57,shapefile,shapefile_geometria,False
05138,Cañasgordas,Nutibara,2008-2010,2008,2010,2,11992.56,24444.7,,,7.91,36445.17,32.91,11869.18,2006-2008,0.0333,7.91,shapefile,shapefile_geometria,False
05138,Cañasgordas,Nutibara,2010-2012,2010,2012,2,,,,,198.37,,,11992.56,2008-2010,0.8271,198.37,estimado-calibrado-rat,solo_defo_estimada,True
05138,Cañasgordas,Nutibara,2012-2013,2012,2013,1,12070.85,24096.34,,34.86,232.58,36399.77,33.16,11992.56,2008-2010,1.9394,232.58,raster,raster_zonal,False
05138,Cañasgordas,Nutibara,2013-2014,2013,2014,1,12105.32,24351.64,,4.46,13.47,36470.43,33.19,12070.85,2012-2013,0.1116,13.47,shapefile,shapefile_geometria,False
05138,Cañasgordas,Nutibara,2014-2015,2014,2015,1,12055.05,24320.58,,19.21,37.99,36413.62,33.11,12105.32,2013-2014,0.3139,37.99,excel,excel_tabla,False
05138,Cañasgordas,Nutibara,2015-2016,2015,2016,1,,,,,22.7,,,12055.05,2014-2015,0.1883,22.7,cuencas-calibrado,solo_defo_estimada,True
05138,Cañasgordas,Nutibara,2016-2017,2016,2017,1,12398.52,23950.24,,35.75,60.61,36409.38,34.05,12055.05,2014-2015,0.5028,60.61,shapefile,shapefile_geometria,False
05138,Cañasgordas,Nutibara,2017-2018,2017,2018,1,12232.74,24029.03,1.02,182.08,,36262.79,33.73,12398.52,2016-2017,,-1.02,shapefile,shapefile_geometria,False
05138,Cañasgordas,Nutibara,2018-2019,2018,2019,1,,,,,49.62,,,12232.74,2017-2018,0.4056,49.62,estimado,solo_defo_estimada,True
05138,Cañasgordas,Nutibara,2019-2020,2019,2020,1,12371.45,24035.2,,,38.63,36445.28,33.95,12232.74,2017-2018,0.3158,38.63,shapefile,shapefile_geometria,False
05138,Cañasgordas,Nutibara,2020-2021,2020,2021,1,12350.46,24075.33,,,19.49,36445.28,33.89,12371.45,2019-2020,0.1576,19.49,shapefile,shapefile_geometria,False
05138,Cañasgordas,Nutibara,2021-2022,2021,2022,1,12169.11,24268.64,,,7.52,36445.27,33.39,12350.46,2020-2021,0.0609,7.52,shapefile,shapefile_geometria,False
05138,Cañasgordas,Nutibara,2022-2023,2022,2023,1,12135.35,24299.24,,,10.91,36445.5,33.3,12169.11,2021-2022,0.0896,10.91,shapefile,shapefile_geometria,False
05138,Cañasgordas,Nutibara,2023-2024,2023,2024,1,,,,,4.06,,,12135.35,2022-2023,0.0335,4.06,estimado,solo_defo_estimada,True
05172,Chigorodó,Centro,2000-2002,2000,2002,2,21398.01,48882.69,,339.19,6.79,70287.49,30.44,,,,6.79,excel,excel_tabla,False
05172,Chigorodó,Centro,2002-2004,2002,2004,2,20957.85,48953.07,,225.33,325.17,70236.09,29.84,21398.01,2000-2002,0.7598,325.17,shapefile,shapefile_geometria,False
05172,Chigorodó,Centro,2004-2006,2004,2006,2,20894.94,49356.19,,70.01,140.54,70391.67,29.68,20957.85,2002-2004,0.3353,140.54,shapefile,shapefile_geometria,False
05172,Chigorodó,Centro,2006-2008,2006,2008,2,20543.72,49585.13,,194.96,138.08,70266.94,29.24,20894.94,2004-2006,0.3304,138.08,shapefile,shapefile_geometria,False
05172,Chigorodó,Centro,2008-2010,2008,2010,2,20348.55,49601.15,,370.27,141.73,70091.43,29.03,20543.72,2006-2008,0.345,141.73,shapefile,shapefile_geometria,False
05172,Chigorodó,Centro,2010-2012,2010,2012,2,,,,,149.01,,,20348.55,2008-2010,0.3661,149.01,estimado-calibrado-rat,solo_defo_estimada,True
05172,Chigorodó,Centro,2012-2013,2012,2013,1,20201.44,50031.0,,236.67,106.81,70339.25,28.72,20348.55,2008-2010,0.5249,106.81,raster,raster_zonal,False
05172,Chigorodó,Centro,2013-2014,2013,2014,1,20038.65,50293.18,,185.18,81.14,70412.97,28.46,20201.44,2012-2013,0.4016,81.14,shapefile,shapefile_geometria,False
05172,Chigorodó,Centro,2014-2015,2014,2015,1,20183.01,50115.94,,96.98,62.75,70361.69,28.68,20038.65,2013-2014,0.3131,62.75,excel,excel_tabla,False
05172,Chigorodó,Centro,2015-2016,2015,2016,1,,,,,392.41,,,20183.01,2014-2015,1.9443,392.41,cuencas-calibrado,solo_defo_estimada,True
05172,Chigorodó,Centro,2016-2017,2016,2017,1,18568.37,50421.9,,1202.7,269.22,69259.49,26.81,20183.01,2014-2015,1.3339,269.22,shapefile,shapefile_geometria,False
05172,Chigorodó,Centro,2017-2018,2017,2018,1,18948.66,51400.19,,74.5,39.07,70387.92,26.92,18568.37,2016-2017,0.2104,39.07,shapefile,shapefile_geometria,False
05172,Chigorodó,Centro,2018-2019,2018,2019,1,,,,,37.18,,,18948.66,2017-2018,0.1962,37.18,estimado,solo_defo_estimada,True
05172,Chigorodó,Centro,2019-2020,2019,2020,1,18892.91,51523.97,,10.62,35.3,70452.18,26.82,18948.66,2017-2018,0.1863,35.3,shapefile,shapefile_geometria,False
05172,Chigorodó,Centro,2020-2021,2020,2021,1,18850.58,51560.9,,35.14,16.19,70427.67,26.77,18892.91,2019-2020,0.0857,16.19,shapefile,shapefile_geometria,False
05172,Chigorodó,Centro,2021-2022,2021,2022,1,18679.47,51623.24,,56.12,103.95,70406.66,26.53,18850.58,2020-2021,0.5515,103.95,shapefile,shapefile_geometria,False
05172,Chigorodó,Centro,2022-2023,2022,2023,1,18696.69,51748.57,,,17.48,70462.74,26.53,18679.47,2021-2022,0.0936,17.48,shapefile,shapefile_geometria,False
05172,Chigorodó,Centro,2023-2024,2023,2024,1,,,,,47.16,,,18696.69,2022-2023,0.2522,47.16,estimado,solo_defo_estimada,True
05234,Dabeiba,Nutibara,2000-2002,2000,2002,2,142038.26,48785.36,,4218.14,181.34,191004.96,74.36,,,,181.34,excel,excel_tabla,False
05234,Dabeiba,Nutibara,2002-2004,2002,2004,2,142009.35,48744.41,,3897.7,270.42,191024.18,74.34,142038.26,2000-2002,0.0952,270.42,shapefile,shapefile_geometria,False
05234,Dabeiba,Nutibara,2004-2006,2004,2006,2,143764.41,49244.42,,1799.15,113.98,193122.81,74.44,142009.35,2002-2004,0.0401,113.98,shapefile,shapefile_geometria,False
05234,Dabeiba,Nutibara,2006-2008,2006,2008,2,142811.72,49325.73,,2610.07,174.58,192312.03,74.26,143764.41,2004-2006,0.0607,174.58,shapefile,shapefile_geometria,False
05234,Dabeiba,Nutibara,2008-2010,2008,2010,2,144140.15,49145.68,1.66,1480.94,153.79,193441.28,74.51,142811.72,2006-2008,0.0538,152.12,shapefile,shapefile_geometria,False
05234,Dabeiba,Nutibara,2010-2012,2010,2012,2,,,,,331.11,,,144140.15,2008-2010,0.1149,331.11,estimado-calibrado-rat,solo_defo_estimada,True
05234,Dabeiba,Nutibara,2012-2013,2012,2013,1,139521.18,48054.83,,7257.44,317.91,187893.92,74.26,144140.15,2008-2010,0.2206,317.91,raster,raster_zonal,False
05234,Dabeiba,Nutibara,2013-2014,2013,2014,1,142821.4,50748.68,,1219.88,392.53,193962.61,73.63,139521.18,2012-2013,0.2813,392.53,shapefile,shapefile_geometria,False
05234,Dabeiba,Nutibara,2014-2015,2014,2015,1,131943.83,50351.33,,12328.94,262.17,182557.34,72.28,142821.4,2013-2014,0.1836,262.17,excel,excel_tabla,False
05234,Dabeiba,Nutibara,2015-2016,2015,2016,1,,,,,176.04,,,131943.83,2014-2015,0.1334,176.04,cuencas-calibrado,solo_defo_estimada,True
05234,Dabeiba,Nutibara,2016-2017,2016,2017,1,120185.76,51551.77,,22791.71,392.7,172130.23,69.82,131943.83,2014-2015,0.2976,392.7,shapefile,shapefile_geometria,False
05234,Dabeiba,Nutibara,2017-2018,2017,2018,1,138441.0,53674.56,10.58,2628.06,168.52,192294.65,71.99,120185.76,2016-2017,0.1402,157.94,shapefile,shapefile_geometria,False
05234,Dabeiba,Nutibara,2018-2019,2018,2019,1,,,,,309.13,,,138441.0,2017-2018,0.2233,309.13,estimado,solo_defo_estimada,True
05234,Dabeiba,Nutibara,2019-2020,2019,2020,1,139681.66,54755.1,,35.3,449.74,194886.5,71.67,138441.0,2017-2018,0.3249,449.74,shapefile,shapefile_geometria,False
05234,Dabeiba,Nutibara,2020-2021,2020,2021,1,139453.1,55215.54,,30.64,222.52,194891.16,71.55,139681.66,2019-2020,0.1593,222.52,shapefile,shapefile_geometria,False
05234,Dabeiba,Nutibara,2021-2022,2021,2022,1,137455.69,55711.43,,1175.47,579.52,193746.65,70.95,139453.1,2020-2021,0.4156,579.52,shapefile,shapefile_geometria,False
05234,Dabeiba,Nutibara,2022-2023,2022,2023,1,138373.42,56382.39,,,166.36,194922.17,70.99,137455.69,2021-2022,0.121,166.36,shapefile,shapefile_geometria,False
05234,Dabeiba,Nutibara,2023-2024,2023,2024,1,,,,,266.64,,,138373.42,2022-2023,0.1927,266.64,estimado,solo_defo_estimada,True
05284,Frontino,Nutibara,2000-2002,2000,2002,2,91701.19,45248.33,0.63,1409.68,85.78,137035.92,66.92,,,,85.15,excel,excel_tabla,False
05284,Frontino,Nutibara,2002-2004,2002,2004,2,91470.75,45103.37,,1574.39,76.94,136651.07,66.94,91701.19,2000-2002,0.042,76.94,shapefile,shapefile_geometria,False
05284,Frontino,Nutibara,2004-2006,2004,2006,2,92274.91,45320.23,,586.97,43.35,137638.48,67.04,91470.75,2002-2004,0.0237,43.35,shapefile,shapefile_geometria,False
05284,Frontino,Nutibara,2006-2008,2006,2008,2,92024.28,45398.91,,753.0,49.27,137472.46,66.94,92274.91,2004-2006,0.0267,49.27,shapefile,shapefile_geometria,False
05284,Frontino,Nutibara,2008-2010,2008,2010,2,92525.96,45020.08,,598.73,80.69,137626.73,67.23,92024.28,2006-2008,0.0438,80.69,shapefile,shapefile_geometria,False
05284,Frontino,Nutibara,2010-2012,2010,2012,2,,,,,290.87,,,92525.96,2008-2010,0.1572,290.87,estimado-calibrado-rat,solo_defo_estimada,True
05284,Frontino,Nutibara,2012-2013,2012,2013,1,90745.93,43658.51,,3618.63,306.48,134710.93,67.36,92525.96,2008-2010,0.3312,306.48,raster,raster_zonal,False
05284,Frontino,Nutibara,2013-2014,2013,2014,1,92698.44,45189.58,,308.89,218.01,138106.03,67.12,90745.93,2012-2013,0.2402,218.01,shapefile,shapefile_geometria,False
05284,Frontino,Nutibara,2014-2015,2014,2015,1,90530.3,45020.1,,2490.94,160.26,135710.66,66.71,92698.44,2013-2014,0.1729,160.26,excel,excel_tabla,False
05284,Frontino,Nutibara,2015-2016,2015,2016,1,,,,,14.83,,,90530.3,2014-2015,0.0164,14.83,cuencas-calibrado,solo_defo_estimada,True
05284,Frontino,Nutibara,2016-2017,2016,2017,1,86508.78,44627.14,,6619.39,470.15,131606.07,65.73,90530.3,2014-2015,0.5193,470.15,shapefile,shapefile_geometria,False
05284,Frontino,Nutibara,2017-2018,2017,2018,1,92251.21,45545.36,7.25,300.54,121.1,137924.91,66.89,86508.78,2016-2017,0.14,113.85,shapefile,shapefile_geometria,False
05284,Frontino,Nutibara,2018-2019,2018,2019,1,,,,,108.86,,,92251.21,2017-2018,0.118,108.86,estimado,solo_defo_estimada,True
05284,Frontino,Nutibara,2019-2020,2019,2020,1,91701.57,46369.51,,57.76,96.61,138167.69,66.37,92251.21,2017-2018,0.1047,96.61,shapefile,shapefile_geometria,False
05284,Frontino,Nutibara,2020-2021,2020,2021,1,91644.87,46496.67,,2.81,81.1,138222.64,66.3,91701.57,2019-2020,0.0884,81.1,shapefile,shapefile_geometria,False
05284,Frontino,Nutibara,2021-2022,2021,2022,1,90452.74,46866.9,,547.3,358.51,137678.16,65.7,91644.87,2020-2021,0.3912,358.51,shapefile,shapefile_geometria,False
05284,Frontino,Nutibara,2022-2023,2022,2023,1,90855.44,47260.13,,,109.89,138225.45,65.73,90452.74,2021-2022,0.1215,109.89,shapefile,shapefile_geometria,False
05284,Frontino,Nutibara,2023-2024,2023,2024,1,,,,,211.96,,,90855.44,2022-2023,0.2333,211.96,estimado,solo_defo_estimada,True
05306,Giraldo,Nutibara,2000-2002,2000,2002,2,1305.01,8031.94,,,1.06,9338.01,13.98,,,,1.06,excel,excel_tabla,False
05306,Giraldo,Nutibara,2002-2004,2002,2004,2,1303.58,8028.42,,,,9332.0,13.97,1305.01,2000-2002,,0.0,shapefile,shapefile_geometria,False
05306,Giraldo,Nutibara,2004-2006,2004,2006,2,1303.52,8028.48,,,,9332.0,13.97,1303.58,2002-2004,,0.0,shapefile,shapefile_geometria,False
05306,Giraldo,Nutibara,2006-2008,2006,2008,2,1307.37,8023.78,,0.85,,9331.15,14.01,1303.52,2004-2006,,0.0,shapefile,shapefile_geometria,False
05306,Giraldo,Nutibara,2008-2010,2008,2010,2,1317.01,8014.02,,,0.97,9332.0,14.11,1307.37,2006-2008,0.0373,0.97,shapefile,shapefile_geometria,False
05306,Giraldo,Nutibara,2010-2012,2010,2012,2,,,,,15.69,,,1317.01,2008-2010,0.5957,15.69,estimado-calibrado-rat,solo_defo_estimada,True
05306,Giraldo,Nutibara,2012-2013,2012,2013,1,1378.37,7932.31,,2.42,18.22,9328.9,14.78,1317.01,2008-2010,1.3834,18.22,raster,raster_zonal,False
05306,Giraldo,Nutibara,2013-2014,2013,2014,1,1364.73,7972.64,,,1.24,9338.61,14.61,1378.37,2012-2013,0.0901,1.24,shapefile,shapefile_geometria,False
05306,Giraldo,Nutibara,2014-2015,2014,2015,1,1377.1,7951.63,,,,9328.73,14.76,1364.73,2013-2014,,0.0,excel,excel_tabla,False
05306,Giraldo,Nutibara,2015-2016,2015,2016,1,,,,,2.77,,,1377.1,2014-2015,0.2011,2.77,cuencas-calibrado,solo_defo_estimada,True
05306,Giraldo,Nutibara,2016-2017,2016,2017,1,1519.05,7800.15,,,13.06,9332.26,16.28,1377.1,2014-2015,0.9482,13.06,shapefile,shapefile_geometria,False
05306,Giraldo,Nutibara,2017-2018,2017,2018,1,1516.78,7815.48,,,,9332.26,16.25,1519.05,2016-2017,,0.0,shapefile,shapefile_geometria,False
05306,Giraldo,Nutibara,2018-2019,2018,2019,1,,,,,10.58,,,1516.78,2017-2018,0.6975,10.58,estimado,solo_defo_estimada,True
05306,Giraldo,Nutibara,2019-2020,2019,2020,1,1514.35,7817.91,,,,9332.26,16.23,1516.78,2017-2018,,0.0,shapefile,shapefile_geometria,False
05306,Giraldo,Nutibara,2020-2021,2020,2021,1,1514.35,7817.91,,,,9332.26,16.23,1514.35,2019-2020,,0.0,shapefile,shapefile_geometria,False
05306,Giraldo,Nutibara,2021-2022,2021,2022,1,1491.96,7832.13,,,8.09,9332.19,15.99,1514.35,2020-2021,0.5345,8.09,shapefile,shapefile_geometria,False
05306,Giraldo,Nutibara,2022-2023,2022,2023,1,1515.6,7816.66,,,,9332.27,16.24,1491.96,2021-2022,,0.0,shapefile,shapefile_geometria,False
05306,Giraldo,Nutibara,2023-2024,2023,2024,1,,,,,13.3,,,1515.6,2022-2023,0.8775,13.3,estimado,solo_defo_estimada,True
05475,Murindó,Atrato,2000-2002,2000,2002,2,105373.27,14296.18,,5512.09,26.23,119695.68,88.03,,,,26.23,excel,excel_tabla,False
05475,Murindó,Atrato,2002-2004,2002,2004,2,104977.32,13949.21,,5935.99,30.29,118956.82,88.25,105373.27,2000-2002,0.0144,30.29,shapefile,shapefile_geometria,False
05475,Murindó,Atrato,2004-2006,2004,2006,2,106552.79,14138.21,0.79,3875.48,325.56,121017.36,88.05,104977.32,2002-2004,0.1551,324.77,shapefile,shapefile_geometria,False
05475,Murindó,Atrato,2006-2008,2006,2008,2,105886.42,14487.07,3.35,4449.41,66.4,120443.24,87.91,106552.79,2004-2006,0.0312,63.05,shapefile,shapefile_geometria,False
05475,Murindó,Atrato,2008-2010,2008,2010,2,106667.9,14345.85,,3690.52,189.09,121202.84,88.01,105886.42,2006-2008,0.0893,189.09,shapefile,shapefile_geometria,False
05475,Murindó,Atrato,2010-2012,2010,2012,2,,,,,95.27,,,106667.9,2008-2010,0.0447,95.27,estimado-calibrado-rat,solo_defo_estimada,True
05475,Murindó,Atrato,2012-2013,2012,2013,1,95068.81,17030.58,,12952.36,19.06,112118.44,84.79,106667.9,2008-2010,0.0179,19.06,raster,raster_zonal,False
05475,Murindó,Atrato,2013-2014,2013,2014,1,100663.45,23816.31,,555.99,114.27,124594.03,80.79,95068.81,2012-2013,0.1202,114.27,shapefile,shapefile_geometria,False
05475,Murindó,Atrato,2014-2015,2014,2015,1,80439.02,22219.47,,22160.39,69.43,102727.92,78.3,100663.45,2013-2014,0.069,69.43,excel,excel_tabla,False
05475,Murindó,Atrato,2015-2016,2015,2016,1,,,,,156.08,,,80439.02,2014-2015,0.194,156.08,estimado,solo_defo_estimada,True
05475,Murindó,Atrato,2016-2017,2016,2017,1,69025.4,22755.21,,32870.4,242.73,92023.34,75.01,80439.02,2014-2015,0.3018,242.73,shapefile,shapefile_geometria,False
05475,Murindó,Atrato,2017-2018,2017,2018,1,99309.9,24733.98,17.49,636.77,195.56,124256.92,79.92,69025.4,2016-2017,0.2833,178.07,shapefile,shapefile_geometria,False
05475,Murindó,Atrato,2018-2019,2018,2019,1,,,,,147.76,,,99309.9,2017-2018,0.1488,147.76,estimado,solo_defo_estimada,True
05475,Murindó,Atrato,2019-2020,2019,2020,1,97482.38,25488.79,,1822.48,99.97,123071.15,79.21,99309.9,2017-2018,0.1007,99.97,shapefile,shapefile_geometria,False
05475,Murindó,Atrato,2020-2021,2020,2021,1,98261.43,25608.8,,915.25,108.15,123978.38,79.26,97482.38,2019-2020,0.1109,108.15,shapefile,shapefile_geometria,False
05475,Murindó,Atrato,2021-2022,2021,2022,1,95146.6,25727.2,,3832.02,187.89,121061.69,78.59,98261.43,2020-2021,0.1912,187.89,shapefile,shapefile_geometria,False
05475,Murindó,Atrato,2022-2023,2022,2023,1,98850.0,25964.69,,6.28,72.68,124887.37,79.15,95146.6,2021-2022,0.0764,72.68,shapefile,shapefile_geometria,False
05475,Murindó,Atrato,2023-2024,2023,2024,1,,,,,87.44,,,98850.0,2022-2023,0.0885,87.44,estimado,solo_defo_estimada,True
05480,Mutatá,Centro,2000-2002,2000,2002,2,67022.68,35050.85,,3730.56,285.86,102359.38,65.48,,,,285.86,excel,excel_tabla,False
05480,Mutatá,Centro,2002-2004,2002,2004,2,66668.25,35100.53,,3544.78,575.37,102344.15,65.14,67022.68,2000-2002,0.4292,575.37,shapefile,shapefile_geometria,False
05480,Mutatá,Centro,2004-2006,2004,2006,2,68393.51,35926.48,21.64,1231.8,314.65,104656.28,65.35,66668.25,2002-2004,0.236,293.01,shapefile,shapefile_geometria,False
05480,Mutatá,Centro,2006-2008,2006,2008,2,65897.05,36327.51,,3294.82,368.77,102593.32,64.23,68393.51,2004-2006,0.2696,368.77,shapefile,shapefile_geometria,False
05480,Mutatá,Centro,2008-2010,2008,2010,2,66621.05,36583.49,,2125.48,558.14,103762.68,64.21,65897.05,2006-2008,0.4235,558.14,shapefile,shapefile_geometria,False
05480,Mutatá,Centro,2010-2012,2010,2012,2,,,,,270.38,,,66621.05,2008-2010,0.2029,270.38,estimado-calibrado-rat,solo_defo_estimada,True
05480,Mutatá,Centro,2012-2013,2012,2013,1,66454.66,37069.71,,2434.83,43.32,103567.69,64.17,66621.05,2008-2010,0.065,43.32,raster,raster_zonal,False
05480,Mutatá,Centro,2013-2014,2013,2014,1,64140.13,37467.08,,4335.2,116.46,101723.67,63.05,66454.66,2012-2013,0.1752,116.46,shapefile,shapefile_geometria,False
05480,Mutatá,Centro,2014-2015,2014,2015,1,63076.71,36984.47,,5655.75,159.35,100220.53,62.94,64140.13,2013-2014,0.2484,159.35,excel,excel_tabla,False
05480,Mutatá,Centro,2015-2016,2015,2016,1,,,,,559.0,,,63076.71,2014-2015,0.8862,559.0,cuencas-calibrado,solo_defo_estimada,True
05480,Mutatá,Centro,2016-2017,2016,2017,1,62108.21,37234.27,,6028.1,517.24,99859.72,62.2,63076.71,2014-2015,0.82,517.24,shapefile,shapefile_geometria,False
05480,Mutatá,Centro,2017-2018,2017,2018,1,65656.25,38822.64,0.38,1272.38,136.6,104615.87,62.76,62108.21,2016-2017,0.2199,136.22,shapefile,shapefile_geometria,False
05480,Mutatá,Centro,2018-2019,2018,2019,1,,,,,181.07,,,65656.25,2017-2018,0.2758,181.07,estimado,solo_defo_estimada,True
05480,Mutatá,Centro,2019-2020,2019,2020,1,65934.7,39567.08,,162.28,225.55,105727.33,62.36,65656.25,2017-2018,0.3435,225.55,shapefile,shapefile_geometria,False
05480,Mutatá,Centro,2020-2021,2020,2021,1,65768.36,39797.13,,201.69,122.33,105687.82,62.23,65934.7,2019-2020,0.1855,122.33,shapefile,shapefile_geometria,False
05480,Mutatá,Centro,2021-2022,2021,2022,1,65298.18,39995.57,,316.01,277.9,105571.65,61.85,65768.36,2020-2021,0.4225,277.9,shapefile,shapefile_geometria,False
05480,Mutatá,Centro,2022-2023,2022,2023,1,65512.56,40292.12,,,83.92,105888.61,61.87,65298.18,2021-2022,0.1285,83.92,shapefile,shapefile_geometria,False
05480,Mutatá,Centro,2023-2024,2023,2024,1,,,,,122.98,,,65512.56,2022-2023,0.1877,122.98,estimado,solo_defo_estimada,True
05490,Necoclí,Caribe,2000-2002,2000,2002,2,22055.72,103110.2,,4.58,142.45,125308.38,17.6,,,,142.45,excel,excel_tabla,False
05490,Necoclí,Caribe,2002-2004,2002,2004,2,20885.4,103354.59,,312.85,458.75,124698.74,16.75,22055.72,2000-2002,1.04,458.75,shapefile,shapefile_geometria,False
05490,Necoclí,Caribe,2004-2006,2004,2006,2,20228.91,104246.12,18.68,13.41,504.34,124998.05,16.18,20885.4,2002-2004,1.2074,485.66,shapefile,shapefile_geometria,False
05490,Necoclí,Caribe,2006-2008,2006,2008,2,19409.15,105203.69,,1.36,397.39,125010.23,15.53,20228.91,2004-2006,0.9822,397.39,shapefile,shapefile_geometria,False
05490,Necoclí,Caribe,2008-2010,2008,2010,2,18852.71,105795.64,,132.09,231.62,124879.97,15.1,19409.15,2006-2008,0.5967,231.62,shapefile,shapefile_geometria,False
05490,Necoclí,Caribe,2010-2012,2010,2012,2,,,,,154.66,,,18852.71,2008-2010,0.4102,154.66,estimado-calibrado-rat,solo_defo_estimada,True
05490,Necoclí,Caribe,2012-2013,2012,2013,1,14974.09,109515.83,,709.91,68.6,124558.52,12.02,18852.71,2008-2010,0.3639,68.6,raster,raster_zonal,False
05490,Necoclí,Caribe,2013-2014,2013,2014,1,14801.14,110230.92,,108.83,118.71,125150.77,11.83,14974.09,2012-2013,0.7928,118.71,shapefile,shapefile_geometria,False
05490,Necoclí,Caribe,2014-2015,2014,2015,1,14899.98,110066.44,7.47,25.21,6.55,124980.44,11.92,14801.14,2013-2014,0.0442,-0.93,excel,excel_tabla,False
05490,Necoclí,Caribe,2015-2016,2015,2016,1,,,,,110.11,,,14899.98,2014-2015,0.739,110.11,cuencas-calibrado,solo_defo_estimada,True
05490,Necoclí,Caribe,2016-2017,2016,2017,1,14241.75,110720.65,19.66,0.06,32.23,125014.29,11.39,14899.98,2014-2015,0.2163,12.57,shapefile,shapefile_geometria,False
05490,Necoclí,Caribe,2017-2018,2017,2018,1,17437.92,107530.98,1.22,37.2,6.16,124976.27,13.95,14241.75,2016-2017,0.0432,4.94,shapefile,shapefile_geometria,False
05490,Necoclí,Caribe,2018-2019,2018,2019,1,,,,,19.12,,,17437.92,2017-2018,0.1096,19.12,estimado,solo_defo_estimada,True
05490,Necoclí,Caribe,2019-2020,2019,2020,1,17262.01,107712.91,,6.45,32.09,125007.01,13.81,17437.92,2017-2018,0.184,32.09,shapefile,shapefile_geometria,False
05490,Necoclí,Caribe,2020-2021,2020,2021,1,17238.33,107750.0,,0.21,24.91,125013.25,13.79,17262.01,2019-2020,0.1443,24.91,shapefile,shapefile_geometria,False
05490,Necoclí,Caribe,2021-2022,2021,2022,1,17191.66,107791.58,,6.58,23.93,125007.18,13.75,17238.33,2020-2021,0.1388,23.93,shapefile,shapefile_geometria,False
05490,Necoclí,Caribe,2022-2023,2022,2023,1,16807.02,108170.92,,0.9,34.68,125012.61,13.44,17191.66,2021-2022,0.2017,34.68,shapefile,shapefile_geometria,False
05490,Necoclí,Caribe,2023-2024,2023,2024,1,,,,,37.6,,,16807.02,2022-2023,0.2237,37.6,estimado,solo_defo_estimada,True
05543,Peque,Nutibara,2000-2002,2000,2002,2,14305.56,29043.09,,2.86,26.19,43374.84,32.98,,,,26.19,excel,excel_tabla,False
05543,Peque,Nutibara,2002-2004,2002,2004,2,14222.48,29080.72,,,52.97,43356.17,32.8,14305.56,2000-2002,0.1851,52.97,shapefile,shapefile_geometria,False
05543,Peque,Nutibara,2004-2006,2004,2006,2,14205.31,29137.18,,4.01,9.66,43352.16,32.77,14222.48,2002-2004,0.034,9.66,shapefile,shapefile_geometria,False
05543,Peque,Nutibara,2006-2008,2006,2008,2,14189.38,29152.36,,9.3,5.07,43346.81,32.73,14205.31,2004-2006,0.0178,5.07,shapefile,shapefile_geometria,False
05543,Peque,Nutibara,2008-2010,2008,2010,2,14212.59,29095.91,,37.81,9.86,43318.36,32.81,14189.38,2006-2008,0.0348,9.86,shapefile,shapefile_geometria,False
05543,Peque,Nutibara,2010-2012,2010,2012,2,,,,,52.86,,,14212.59,2008-2010,0.186,52.86,estimado-calibrado-rat,solo_defo_estimada,True
05543,Peque,Nutibara,2012-2013,2012,2013,1,14266.5,28998.62,,79.01,58.1,43323.22,32.93,14212.59,2008-2010,0.4088,58.1,raster,raster_zonal,False
05543,Peque,Nutibara,2013-2014,2013,2014,1,14256.93,29074.49,,31.78,17.66,43349.09,32.89,14266.5,2012-2013,0.1238,17.66,shapefile,shapefile_geometria,False
05543,Peque,Nutibara,2014-2015,2014,2015,1,14215.99,29057.14,,45.58,19.13,43292.27,32.84,14256.93,2013-2014,0.1342,19.13,excel,excel_tabla,False
05543,Peque,Nutibara,2015-2016,2015,2016,1,,,,,4.74,,,14215.99,2014-2015,0.0333,4.74,cuencas-calibrado,solo_defo_estimada,True
05543,Peque,Nutibara,2016-2017,2016,2017,1,13893.21,29278.84,,144.81,39.28,43211.32,32.15,14215.99,2014-2015,0.2763,39.28,shapefile,shapefile_geometria,False
05543,Peque,Nutibara,2017-2018,2017,2018,1,13328.65,29354.92,,653.23,18.58,42702.15,31.21,13893.21,2016-2017,0.1338,18.58,shapefile,shapefile_geometria,False
05543,Peque,Nutibara,2018-2019,2018,2019,1,,,,,28.84,,,13328.65,2017-2018,0.2164,28.84,estimado,solo_defo_estimada,True
05543,Peque,Nutibara,2019-2020,2019,2020,1,13909.81,29406.9,,,39.09,43355.8,32.08,13328.65,2017-2018,0.2933,39.09,shapefile,shapefile_geometria,False
05543,Peque,Nutibara,2020-2021,2020,2021,1,13899.2,29446.88,,,9.82,43355.9,32.06,13909.81,2019-2020,0.0706,9.82,shapefile,shapefile_geometria,False
05543,Peque,Nutibara,2021-2022,2021,2022,1,13821.29,29530.63,,,3.84,43355.77,31.88,13899.2,2020-2021,0.0277,3.84,shapefile,shapefile_geometria,False
05543,Peque,Nutibara,2022-2023,2022,2023,1,13822.3,29529.02,,,4.69,43356.0,31.88,13821.29,2021-2022,0.0339,4.69,shapefile,shapefile_geometria,False
05543,Peque,Nutibara,2023-2024,2023,2024,1,,,,,0.98,,,13822.3,2022-2023,0.0071,0.98,estimado,solo_defo_estimada,True
05659,San Juan de Urabá,Caribe,2000-2002,2000,2002,2,243.83,24871.48,,18.63,,25115.32,0.97,,,,0.0,excel,excel_tabla,False
05659,San Juan de Urabá,Caribe,2002-2004,2002,2004,2,240.2,24839.93,,,2.32,25082.45,0.96,243.83,2000-2002,0.4752,2.32,shapefile,shapefile_geometria,False
05659,San Juan de Urabá,Caribe,2004-2006,2004,2006,2,231.66,24842.81,,,7.98,25082.45,0.92,240.2,2002-2004,1.6612,7.98,shapefile,shapefile_geometria,False
05659,San Juan de Urabá,Caribe,2006-2008,2006,2008,2,231.73,24849.3,,,1.41,25082.45,0.92,231.66,2004-2006,0.3051,1.41,shapefile,shapefile_geometria,False
05659,San Juan de Urabá,Caribe,2008-2010,2008,2010,2,229.95,24852.5,,,,25082.45,0.92,231.73,2006-2008,,0.0,shapefile,shapefile_geometria,False
05659,San Juan de Urabá,Caribe,2010-2012,2010,2012,2,,,,,2.83,,,229.95,2008-2010,0.6154,2.83,estimado-calibrado-rat,solo_defo_estimada,True
05659,San Juan de Urabá,Caribe,2012-2013,2012,2013,1,67.86,25020.89,,10.88,,25088.75,0.27,229.95,2008-2010,,0.0,raster,raster_zonal,False
05659,San Juan de Urabá,Caribe,2013-2014,2013,2014,1,68.22,25058.17,,,,25126.39,0.27,67.86,2012-2013,,0.0,shapefile,shapefile_geometria,False
05659,San Juan de Urabá,Caribe,2014-2015,2014,2015,1,68.09,25012.94,,,,25081.03,0.27,68.22,2013-2014,,0.0,excel,excel_tabla,False
05659,San Juan de Urabá,Caribe,2016-2017,2016,2017,1,67.51,25015.82,,,,25083.33,0.27,68.09,2014-2015,,0.0,shapefile,shapefile_geometria,False
05659,San Juan de Urabá,Caribe,2017-2018,2017,2018,1,581.07,24337.18,1.77,160.6,2.67,24922.7,2.33,67.51,2016-2017,3.959,0.9,shapefile,shapefile_geometria,False
05659,San Juan de Urabá,Caribe,2018-2019,2018,2019,1,,,,,4.17,,,581.07,2017-2018,0.7176,4.17,estimado,solo_defo_estimada,True
05659,San Juan de Urabá,Caribe,2019-2020,2019,2020,1,572.81,24465.71,,39.13,5.67,25044.19,2.29,581.07,2017-2018,0.9762,5.67,shapefile,shapefile_geometria,False
05659,San Juan de Urabá,Caribe,2020-2021,2020,2021,1,572.71,24510.61,,0.12,,25083.32,2.28,572.81,2019-2020,,0.0,shapefile,shapefile_geometria,False
05659,San Juan de Urabá,Caribe,2021-2022,2021,2022,1,569.16,24496.33,,3.48,13.94,25079.43,2.27,572.71,2020-2021,2.4337,13.94,shapefile,shapefile_geometria,False
05659,San Juan de Urabá,Caribe,2022-2023,2022,2023,1,510.9,24563.86,,0.43,8.62,25083.37,2.04,569.16,2021-2022,1.514,8.62,shapefile,shapefile_geometria,False
05659,San Juan de Urabá,Caribe,2023-2024,2023,2024,1,,,,,12.35,,,510.9,2022-2023,2.4173,12.35,estimado,solo_defo_estimada,True
05665,San Pedro de Urabá,Caribe,2000-2002,2000,2002,2,1530.87,55071.13,,,0.79,56602.79,2.7,,,,0.79,excel,excel_tabla,False
05665,San Pedro de Urabá,Caribe,2002-2004,2002,2004,2,1509.08,54992.64,,,14.19,56515.92,2.67,1530.87,2000-2002,0.4635,14.19,shapefile,shapefile_geometria,False
05665,San Pedro de Urabá,Caribe,2004-2006,2004,2006,2,1479.7,54999.06,8.96,1.79,26.41,56514.13,2.62,1509.08,2002-2004,0.8752,17.46,shapefile,shapefile_geometria,False
05665,San Pedro de Urabá,Caribe,2006-2008,2006,2008,2,1470.54,55037.65,,0.38,7.36,56515.55,2.6,1479.7,2004-2006,0.2487,7.36,shapefile,shapefile_geometria,False
05665,San Pedro de Urabá,Caribe,2008-2010,2008,2010,2,1443.83,55045.7,,2.41,23.96,56513.49,2.55,1470.54,2006-2008,0.8146,23.96,shapefile,shapefile_geometria,False
05665,San Pedro de Urabá,Caribe,2010-2012,2010,2012,2,,,,,14.96,,,1443.83,2008-2010,0.5181,14.96,estimado-calibrado-rat,solo_defo_estimada,True
05665,San Pedro de Urabá,Caribe,2012-2013,2012,2013,1,1323.99,55076.43,,125.12,5.86,56406.28,2.35,1443.83,2008-2010,0.4056,5.86,raster,raster_zonal,False
05665,San Pedro de Urabá,Caribe,2013-2014,2013,2014,1,1367.17,55184.24,,31.88,8.31,56559.72,2.42,1323.99,2012-2013,0.6275,8.31,shapefile,shapefile_geometria,False
05665,San Pedro de Urabá,Caribe,2014-2015,2014,2015,1,1388.28,55094.57,,23.4,,56482.85,2.46,1367.17,2013-2014,,0.0,excel,excel_tabla,False
05665,San Pedro de Urabá,Caribe,2015-2016,2015,2016,1,,,,,27.65,,,1388.28,2014-2015,1.9917,27.65,cuencas-calibrado,solo_defo_estimada,True
05665,San Pedro de Urabá,Caribe,2016-2017,2016,2017,1,1406.95,55092.98,,13.09,2.96,56502.89,2.49,1388.28,2014-2015,0.2132,2.96,shapefile,shapefile_geometria,False
05665,San Pedro de Urabá,Caribe,2017-2018,2017,2018,1,2447.76,54056.29,1.11,3.79,6.27,56511.44,4.33,1406.95,2016-2017,0.4455,5.16,shapefile,shapefile_geometria,False
05665,San Pedro de Urabá,Caribe,2018-2019,2018,2019,1,,,,,13.44,,,2447.76,2017-2018,0.5491,13.44,estimado,solo_defo_estimada,True
05665,San Pedro de Urabá,Caribe,2019-2020,2019,2020,1,2362.36,54112.75,,19.67,20.62,56495.73,4.18,2447.76,2017-2018,0.8424,20.62,shapefile,shapefile_geometria,False
05665,San Pedro de Urabá,Caribe,2020-2021,2020,2021,1,2355.33,54154.07,,,5.97,56515.37,4.17,2362.36,2019-2020,0.2528,5.97,shapefile,shapefile_geometria,False
05665,San Pedro de Urabá,Caribe,2021-2022,2021,2022,1,2349.14,54157.46,,,8.85,56515.45,4.16,2355.33,2020-2021,0.3758,8.85,shapefile,shapefile_geometria,False
05665,San Pedro de Urabá,Caribe,2022-2023,2022,2023,1,2219.93,54330.97,,,13.55,56564.45,3.92,2349.14,2021-2022,0.5768,13.55,shapefile,shapefile_geometria,False
05665,San Pedro de Urabá,Caribe,2023-2024,2023,2024,1,,,,,17.03,,,2219.93,2022-2023,0.7671,17.03,estimado,solo_defo_estimada,True
05837,Turbo,Centro,2000-2002,2000,2002,2,74841.49,214333.41,,51.32,153.08,289327.97,25.87,,,,153.08,excel,excel_tabla,False
05837,Turbo,Centro,2002-2004,2002,2004,2,72753.04,214497.68,,165.24,1231.42,288482.14,25.22,74841.49,2000-2002,0.8227,1231.42,shapefile,shapefile_geometria,False
05837,Turbo,Centro,2004-2006,2004,2006,2,71695.41,215977.5,2.68,164.35,807.8,288483.39,24.85,72753.04,2002-2004,0.5552,805.12,shapefile,shapefile_geometria,False
05837,Turbo,Centro,2006-2008,2006,2008,2,70633.6,217200.47,,102.35,711.28,288545.35,24.48,71695.41,2004-2006,0.496,711.28,shapefile,shapefile_geometria,False
05837,Turbo,Centro,2008-2010,2008,2010,2,69595.93,217377.54,,950.31,724.5,287697.98,24.19,70633.6,2006-2008,0.5129,724.5,shapefile,shapefile_geometria,False
05837,Turbo,Centro,2010-2012,2010,2012,2,,,,,773.75,,,69595.93,2008-2010,0.5559,773.75,estimado-calibrado-rat,solo_defo_estimada,True
05837,Turbo,Centro,2012-2013,2012,2013,1,65529.46,219715.27,,3306.02,560.35,285805.08,22.93,69595.93,2008-2010,0.8051,560.35,raster,raster_zonal,False
05837,Turbo,Centro,2013-2014,2013,2014,1,64372.97,221809.16,,1923.01,1142.41,287324.54,22.4,65529.46,2012-2013,1.7434,1142.41,shapefile,shapefile_geometria,False
05837,Turbo,Centro,2014-2015,2014,2015,1,64446.85,221367.83,,1050.69,1770.9,287585.57,22.41,64372.97,2013-2014,2.751,1770.9,excel,excel_tabla,False
05837,Turbo,Centro,2015-2016,2015,2016,1,,,,,2744.46,,,64446.85,2014-2015,4.2585,2744.46,cuencas-calibrado,solo_defo_estimada,True
05837,Turbo,Centro,2016-2017,2016,2017,1,61093.44,226104.46,43.59,675.16,734.38,287975.87,21.21,64446.85,2014-2015,1.1395,690.78,shapefile,shapefile_geometria,False
05837,Turbo,Centro,2017-2018,2017,2018,1,58859.78,229452.93,,28.63,311.1,288623.81,20.39,61093.44,2016-2017,0.5092,311.1,shapefile,shapefile_geometria,False
05837,Turbo,Centro,2018-2019,2018,2019,1,,,,,277.18,,,58859.78,2017-2018,0.4709,277.18,estimado,solo_defo_estimada,True
05837,Turbo,Centro,2019-2020,2019,2020,1,57995.41,230404.65,,9.11,243.25,288643.31,20.09,58859.78,2017-2018,0.4133,243.25,shapefile,shapefile_geometria,False
05837,Turbo,Centro,2020-2021,2020,2021,1,57914.51,230660.52,,0.46,76.98,288652.01,20.06,57995.41,2019-2020,0.1327,76.98,shapefile,shapefile_geometria,False
05837,Turbo,Centro,2021-2022,2021,2022,1,57668.9,230760.39,,9.91,212.49,288641.78,19.98,57914.51,2020-2021,0.3669,212.49,shapefile,shapefile_geometria,False
05837,Turbo,Centro,2022-2023,2022,2023,1,56417.28,232090.35,,1.65,143.83,288651.46,19.55,57668.9,2021-2022,0.2494,143.83,shapefile,shapefile_geometria,False
05837,Turbo,Centro,2023-2024,2023,2024,1,,,,,211.29,,,56417.28,2022-2023,0.3745,211.29,estimado,solo_defo_estimada,True
05842,Uramita,Nutibara,2000-2002,2000,2002,2,4638.42,21938.28,,,17.0,26593.7,17.44,,,,17.0,excel,excel_tabla,False
05842,Uramita,Nutibara,2002-2004,2002,2004,2,4602.72,21940.24,,,21.56,26564.52,17.33,4638.42,2000-2002,0.2324,21.56,shapefile,shapefile_geometria,False
05842,Uramita,Nutibara,2004-2006,2004,2006,2,4592.13,21966.12,,,6.27,26564.52,17.29,4602.72,2002-2004,0.0681,6.27,shapefile,shapefile_geometria,False
05842,Uramita,Nutibara,2006-2008,2006,2008,2,4576.52,21973.39,,,14.61,26564.52,17.23,4592.13,2004-2006,0.159,14.61,shapefile,shapefile_geometria,False
05842,Uramita,Nutibara,2008-2010,2008,2010,2,4638.36,21923.54,,,2.62,26564.52,17.46,4576.52,2006-2008,0.0286,2.62,shapefile,shapefile_geometria,False
05842,Uramita,Nutibara,2010-2012,2010,2012,2,,,,,113.82,,,4638.36,2008-2010,1.2269,113.82,estimado-calibrado-rat,solo_defo_estimada,True
05842,Uramita,Nutibara,2012-2013,2012,2013,1,4555.46,21879.13,,16.08,134.42,26569.0,17.15,4638.36,2008-2010,2.8979,134.42,raster,raster_zonal,False
05842,Uramita,Nutibara,2013-2014,2013,2014,1,4496.43,22032.99,,2.67,59.22,26588.64,16.91,4555.46,2012-2013,1.2999,59.22,shapefile,shapefile_geometria,False
05842,Uramita,Nutibara,2014-2015,2014,2015,1,4471.86,22045.81,,2.69,36.97,26554.63,16.84,4496.43,2013-2014,0.8221,36.97,excel,excel_tabla,False
05842,Uramita,Nutibara,2015-2016,2015,2016,1,,,,,7.56,,,4471.86,2014-2015,0.1691,7.56,cuencas-calibrado,solo_defo_estimada,True
05842,Uramita,Nutibara,2016-2017,2016,2017,1,4389.69,22135.61,,,39.22,26564.52,16.52,4471.86,2014-2015,0.877,39.22,shapefile,shapefile_geometria,False
05842,Uramita,Nutibara,2017-2018,2017,2018,1,4362.81,22186.72,6.07,,8.92,26564.52,16.42,4389.69,2016-2017,0.2033,2.86,shapefile,shapefile_geometria,False
05842,Uramita,Nutibara,2018-2019,2018,2019,1,,,,,11.36,,,4362.81,2017-2018,0.2604,11.36,estimado,solo_defo_estimada,True
05842,Uramita,Nutibara,2019-2020,2019,2020,1,4343.82,22206.9,,,13.8,26564.52,16.35,4362.81,2017-2018,0.3162,13.8,shapefile,shapefile_geometria,False
05842,Uramita,Nutibara,2020-2021,2020,2021,1,4339.31,22221.28,,,3.93,26564.52,16.33,4343.82,2019-2020,0.0906,3.93,shapefile,shapefile_geometria,False
05842,Uramita,Nutibara,2021-2022,2021,2022,1,4261.12,22302.56,,,0.84,26564.52,16.04,4339.31,2020-2021,0.0193,0.84,shapefile,shapefile_geometria,False
05842,Uramita,Nutibara,2022-2023,2022,2023,1,4242.27,22316.09,,,6.16,26564.52,15.97,4261.12,2021-2022,0.1446,6.16,shapefile,shapefile_geometria,False
05842,Uramita,Nutibara,2023-2024,2023,2024,1,,,,,5.87,,,4242.27,2022-2023,0.1384,5.87,estimado,solo_defo_estimada,True
05847,Urrao,Urrao,2000-2002,2000,2002,2,169147.51,77245.36,427.94,7320.0,482.46,247303.26,68.4,,,,54.52,excel,excel_tabla,False
05847,Urrao,Urrao,2002-2004,2002,2004,2,168096.28,77750.99,,8141.87,273.97,246121.24,68.3,169147.51,2000-2002,0.081,273.97,shapefile,shapefile_geometria,False
05847,Urrao,Urrao,2004-2006,2004,2006,2,168299.74,78174.69,,7478.39,309.31,246783.74,68.2,168096.28,2002-2004,0.092,309.31,shapefile,shapefile_geometria,False
05847,Urrao,Urrao,2006-2008,2006,2008,2,167708.99,78518.3,,7866.9,167.73,246395.01,68.07,168299.74,2004-2006,0.0498,167.73,shapefile,shapefile_geometria,False
05847,Urrao,Urrao,2008-2010,2008,2010,2,172128.0,78189.7,,3696.99,247.29,250564.98,68.7,167708.99,2006-2008,0.0737,247.29,shapefile,shapefile_geometria,False
05847,Urrao,Urrao,2010-2012,2010,2012,2,,,,,268.19,,,172128.0,2008-2010,0.0779,268.19,estimado-calibrado-rat,solo_defo_estimada,True
05847,Urrao,Urrao,2012-2013,2012,2013,1,173713.4,76379.32,,4219.51,196.14,250288.86,69.41,172128.0,2008-2010,0.1139,196.14,raster,raster_zonal,False
05847,Urrao,Urrao,2013-2014,2013,2014,1,174774.04,76759.85,,2273.12,771.55,252305.44,69.27,173713.4,2012-2013,0.4441,771.55,shapefile,shapefile_geometria,False
05847,Urrao,Urrao,2014-2015,2014,2015,1,174166.67,77169.86,,2754.01,119.1,251455.63,69.26,174774.04,2013-2014,0.0681,119.1,excel,excel_tabla,False
05847,Urrao,Urrao,2016-2017,2016,2017,1,162703.85,76365.42,,14536.4,656.33,239725.59,67.87,174166.67,2014-2015,0.3768,656.33,shapefile,shapefile_geometria,False
05847,Urrao,Urrao,2017-2018,2017,2018,1,173157.57,77667.46,3.53,3196.67,237.82,251066.39,68.97,162703.85,2016-2017,0.1462,234.29,shapefile,shapefile_geometria,False
05847,Urrao,Urrao,2018-2019,2018,2019,1,,,,,244.43,,,173157.57,2017-2018,0.1412,244.43,estimado,solo_defo_estimada,True
05847,Urrao,Urrao,2019-2020,2019,2020,1,172210.75,80159.44,,1641.24,251.04,252621.24,68.17,173157.57,2017-2018,0.145,251.04,shapefile,shapefile_geometria,False
05847,Urrao,Urrao,2020-2021,2020,2021,1,171568.4,80576.29,,1910.65,207.36,252352.05,67.99,172210.75,2019-2020,0.1204,207.36,shapefile,shapefile_geometria,False
05847,Urrao,Urrao,2021-2022,2021,2022,1,170545.94,80957.83,,2497.02,262.84,251766.62,67.74,171568.4,2020-2021,0.1532,262.84,shapefile,shapefile_geometria,False
05847,Urrao,Urrao,2022-2023,2022,2023,1,172329.95,81555.06,,0.23,337.03,254222.04,67.79,170545.94,2021-2022,0.1976,337.03,shapefile,shapefile_geometria,False
05847,Urrao,Urrao,2023-2024,2023,2024,1,,,,,398.75,,,172329.95,2022-2023,0.2314,398.75,estimado,solo_defo_estimada,True
05873,Vigía del Fuerte,Atrato,2000-2002,2000,2002,2,141239.81,16115.37,17.29,8359.19,125.38,157497.86,89.68,,,,108.09,excel,excel_tabla,False
05873,Vigía del Fuerte,Atrato,2002-2004,2002,2004,2,140983.95,15731.94,,8678.61,47.14,156763.02,89.93,141239.81,2000-2002,0.0167,47.14,shapefile,shapefile_geometria,False
05873,Vigía del Fuerte,Atrato,2004-2006,2004,2006,2,141486.91,15595.69,,8258.54,101.31,157183.91,90.01,140983.95,2002-2004,0.0359,101.31,shapefile,shapefile_geometria,False
05873,Vigía del Fuerte,Atrato,2006-2008,2006,2008,2,141182.64,15646.07,0.85,8603.5,9.27,156838.84,90.02,141486.91,2004-2006,0.0033,8.42,shapefile,shapefile_geometria,False
05873,Vigía del Fuerte,Atrato,2008-2010,2008,2010,2,143721.7,15718.95,,5934.82,68.74,159509.38,90.1,141182.64,2006-2008,0.0243,68.74,shapefile,shapefile_geometria,False
05873,Vigía del Fuerte,Atrato,2010-2012,2010,2012,2,,,,,49.88,,,143721.7,2008-2010,0.0174,49.88,estimado-calibrado-rat,solo_defo_estimada,True
05873,Vigía del Fuerte,Atrato,2012-2013,2012,2013,1,140158.49,19010.56,,6559.61,25.1,159194.15,88.04,143721.7,2008-2010,0.0175,25.1,raster,raster_zonal,False
05873,Vigía del Fuerte,Atrato,2013-2014,2013,2014,1,144386.94,21086.0,,232.56,75.51,165548.45,87.22,140158.49,2012-2013,0.0539,75.51,shapefile,shapefile_geometria,False
05873,Vigía del Fuerte,Atrato,2014-2015,2014,2015,1,138396.08,20899.07,,6126.77,14.86,159310.0,86.87,144386.94,2013-2014,0.0103,14.86,excel,excel_tabla,False
05873,Vigía del Fuerte,Atrato,2015-2016,2015,2016,1,,,,,62.82,,,138396.08,2014-2015,0.0454,62.82,estimado,solo_defo_estimada,True
05873,Vigía del Fuerte,Atrato,2016-2017,2016,2017,1,111916.85,19781.51,,33634.91,110.78,131809.14,84.91,138396.08,2014-2015,0.08,110.78,shapefile,shapefile_geometria,False
05873,Vigía del Fuerte,Atrato,2017-2018,2017,2018,1,143129.6,20850.24,3.46,1393.32,67.82,164051.13,87.25,111916.85,2016-2017,0.0606,64.36,shapefile,shapefile_geometria,False
05873,Vigía del Fuerte,Atrato,2018-2019,2018,2019,1,,,,,78.13,,,143129.6,2017-2018,0.0546,78.13,estimado,solo_defo_estimada,True
05873,Vigía del Fuerte,Atrato,2019-2020,2019,2020,1,140168.18,21196.98,,3991.04,88.44,161453.6,86.82,143129.6,2017-2018,0.0618,88.44,shapefile,shapefile_geometria,False
05873,Vigía del Fuerte,Atrato,2020-2021,2020,2021,1,139456.83,21305.51,,4582.73,99.23,160861.57,86.69,140168.18,2019-2020,0.0708,99.23,shapefile,shapefile_geometria,False
05873,Vigía del Fuerte,Atrato,2021-2022,2021,2022,1,136033.37,21482.92,,7822.65,105.2,157621.5,86.3,139456.83,2020-2021,0.0754,105.2,shapefile,shapefile_geometria,False
05873,Vigía del Fuerte,Atrato,2022-2023,2022,2023,1,143753.82,21656.44,,0.88,33.06,165443.32,86.89,136033.37,2021-2022,0.0243,33.06,shapefile,shapefile_geometria,False
05873,Vigía del Fuerte,Atrato,2023-2024,2023,2024,1,,,,,12.99,,,143753.82,2022-2023,0.009,12.99,estimado,solo_defo_estimada,True
